{
  "required": true,
  "minVersion": "0.8",
  "package": "com.barium.mixin",
  "compatibilityLevel": "JAVA_17",
  "mixins": [
    "EntityMixin",
    "BlockEntityMixin",
    "RedstoneWireMixin",
    "ServerWorldMixin",
    "HopperBlockEntityMixin"
  ],
  "client": [
    "com.barium.client.mixin.ParticleMixin",
    "com.barium.client.mixin.SoundSystemMixin",
    "com.barium.client.mixin.DebugHudMixin",
    "com.barium.client.mixin.InGameHudMixin"
  ],
  "injectors": {
    "defaultRequire": 1
  }
}
